,name,rating,rating_top,ratings_count,reviews_count,suggestions_count,days,metacritic,added,genre,genres,Label
10,Life is Strange,4.0,5,2965,2994,532,2529,83,12031,Adventure,"0,0,1,0,0,0,0",4
11,Red Dead Redemption 2,5.0,5,3718,3791,616,1163,96,11349,Adventure,"0,0,1,1,0,0,0",4
14,Limbo,4.0,4,2658,2688,187,4182,88,10849,Indie,"0,0,1,0,0,1,0",4
20,Grand Theft Auto IV,4.0,4,2294,2309,497,4995,95,9819,Adventure,"0,0,1,1,0,0,0",4
22,Horizon Zero Dawn,4.0,5,2955,2998,634,1768,89,9742,Adventure,"0,0,1,1,1,0,0",4
25,Metro 2033,4.0,4,1716,1720,588,4309,79,9373,Shooter,"0,1,0,1,0,0,0",4
26,Metal Gear Solid V: The Phantom Pain,4.0,5,2073,2085,511,2314,91,9339,Shooter,"0,1,0,1,0,0,0",4
29,The Walking Dead: Season 1,4.0,5,1930,1942,638,3540,92,9115,Adventure,"0,0,1,0,0,0,0",4
31,Batman: Arkham Knight,4.0,4,2052,2066,659,2385,81,8750,Action,"0,0,0,1,0,0,0",4
32,The Witcher 2: Assassins of Kings Enhanced Edition,4.0,4,1681,1690,690,3547,88,8734,RPG,"0,0,0,0,1,0,0",4
34,Hitman,4.0,4,1628,1633,564,2122,83,8502,Shooter,"0,1,0,1,0,0,0",4
40,Uncharted: The Lost Legacy,4.0,4,1057,1069,439,1593,85,3708,Adventure,"0,0,1,1,0,0,0",4
41,F.E.A.R. 2: Project Origin,4.0,4,524,528,601,4708,79,3698,Shooter,"0,1,0,1,0,0,0",4
46,STAR WARS Battlefront 2 (2005),4.0,4,654,660,522,5907,78,3649,Shooter,"0,1,0,1,0,0,0",4
50,Rage,3.0,4,661,667,697,3743,79,3627,Racing,"1,1,0,1,0,0,0",4
52,World of Goo,4.0,4,657,659,154,4828,90,3621,Educational,"0,0,0,0,0,1,1",4
56,Machinarium,4.0,4,682,686,516,4460,85,3598,Family,"0,0,1,0,0,1,0",4
57,PlanetSide 2,3.0,3,411,411,593,3329,84,3593,Shooter,"0,1,0,1,0,0,0",3
62,Hitman 2: Silent Assassin,4.0,4,507,509,413,7033,87,3527,Action,"0,0,0,1,0,0,0",4
65,God of War III Remastered,4.0,4,879,886,612,2363,81,3479,Adventure,"0,0,1,1,0,0,0",4
66,Call of Duty: World at War,4.0,4,881,886,628,4799,83,3476,Shooter,"0,1,0,1,0,0,0",4
67,Never Alone,4.0,4,501,507,288,2601,70,3475,Casual,"0,0,1,0,0,0,0",4
70,Outland,3.0,3,301,303,417,3903,83,3471,Indie,"0,0,1,1,0,0,0",3
82,Marvel's Spider-Man - The Heist,4.0,4,26,26,320,1166,76,47,Adventure,"0,0,1,1,0,0,0",4
86,Dragon Age: Inquisition - Trespasser,4.0,5,21,21,283,2307,77,47,RPG,"0,0,0,0,1,0,0",4
87,Don't Starve: Shipwrecked,4.0,4,18,18,260,2223,81,46,Adventure,"0,0,1,1,0,0,0",4
89,Say No! More,4.0,5,12,12,164,267,67,46,Casual,"0,0,0,0,0,0,0",4
93,Shadow Fight 2,4.0,4,27,27,265,2938,55,45,Action,"0,0,0,1,1,0,0",3
99,Time Loader,4.0,4,8,9,302,60,79,44,Racing,"1,0,1,1,0,1,0",4
106,Strangeland,4.0,5,7,7,479,221,74,40,Adventure,"0,0,1,0,0,0,0",4
107,Pascal's Wager: Definitive Edition,4.0,3,6,6,659,296,64,40,Adventure,"0,0,1,1,1,0,0",3
115,The Coma: Cutting Class,4.0,4,6,6,242,2266,69,36,Indie,"0,0,1,0,0,0,0",3
117,Destiny: The Taken King,4.0,4,9,9,544,2300,88,35,Shooter,"0,1,0,1,1,0,0",4
127,Tahira: Echoes of the Astral Empire,3.0,4,6,7,381,1950,66,30,Indie,"0,0,1,0,1,0,1",3
131,Framed 2,4.0,4,10,10,146,1662,89,29,Adventure,"0,0,1,0,0,1,0",4
139,Junk Jack,4.0,5,6,6,233,3047,85,26,Educational,"0,0,1,1,0,0,0",4
145,Assassin’s Creed Odyssey – Legacy of the First Blade,4.0,4,13,13,437,1124,67,22,Adventure,"0,0,1,1,1,0,0",3
147,Guild Wars: Eye of the North,4.0,4,6,6,496,4103,79,20,Massively Multiplayer,"0,0,0,1,1,0,0",4
148,The Sims 3: Showtime,4.0,4,12,12,540,3588,67,20,Strategy,"0,0,0,0,0,0,1",3
149,DEAD RISING 2: CASE WEST,4.0,4,7,7,700,4024,74,19,Adventure,"0,0,1,1,0,0,0",4
154,Gears POP!,3.0,3,11,11,76,863,64,17,Strategy,"0,0,0,1,0,0,1",3
156,Mafia II DLC: Jimmy's Vendetta,2.0,1,8,8,0,4041,65,15,Shooter,"0,1,0,1,0,0,0",2
158,Minion Rush,4.0,4,8,8,281,3124,75,13,Casual,"0,0,0,0,0,0,0",4
160,Assassin's Creed Revelations,4.0,4,1027,1037,616,3700,80,3407,Adventure,"0,0,1,1,0,0,0",4
165,Renegade Ops,3.0,4,279,281,588,3763,76,3399,Shooter,"0,1,0,1,0,0,0",4
167,System Shock 2,4.0,5,343,348,417,8179,92,3392,Shooter,"0,1,0,1,1,0,0",4
170,Crash Bandicoot N. Sane Trilogy,4.0,4,458,467,530,1646,81,3369,Platformer,"0,0,0,1,0,0,0",4
171,Shadowrun: Dragonfall - Director's Cut,4.0,4,282,285,474,2663,87,3349,Indie,"0,0,1,0,1,0,1",4
175,The LEGO NINJAGO Movie Video Game,3.0,4,181,181,400,1562,70,3332,Adventure,"0,0,1,1,0,0,0",4
180,Gris,4.0,5,769,789,278,1115,82,3309,Indie,"0,0,1,0,0,1,0",4
191,F1 2015,3.0,3,225,225,404,2368,61,3233,Racing,"1,0,0,0,0,0,0",3
193,Injustice 2,4.0,4,763,771,405,1698,88,3229,Fighting,"0,0,0,0,0,0,0",4
197,Stellaris,4.0,4,503,513,386,2064,78,3192,Strategy,"0,0,0,0,0,0,1",4
198,Final Fantasy VII,4.0,5,781,786,354,9101,83,3187,Adventure,"0,0,1,1,1,0,0",4
204,Star Wars Jedi Knight: Jedi Academy,4.0,5,501,506,520,6682,81,3168,Shooter,"0,1,0,1,0,0,0",4
212,Alpha Protocol,4.0,4,379,380,621,4286,72,3117,Shooter,"0,1,0,1,1,0,0",4
220,Styx: Master of Shadows,3.0,3,335,337,695,2644,71,3039,Action,"0,0,0,1,1,0,0",3
235,Tropico 5,4.0,4,451,451,515,2781,75,2989,Strategy,"0,0,0,0,1,0,1",4
240,Dungeons 2,3.0,4,227,227,558,2445,70,2976,Strategy,"0,0,0,0,1,0,1",4
242,Hitman: Codename 47,4.0,4,450,453,468,7713,73,2974,Shooter,"0,1,0,1,0,0,0",4
245,Trove,3.0,3,341,342,409,2368,65,2948,Casual,"0,0,0,1,1,0,0",3
246,Bulletstorm,4.0,4,692,693,693,3966,83,2940,Shooter,"0,1,0,1,0,0,0",4
251,Need for Speed,3.0,3,644,648,388,2251,66,2907,Racing,"1,0,1,1,0,0,0",3
255,Risk of Rain,4.0,4,401,404,224,2977,77,2876,Platformer,"0,0,0,1,0,0,0",4
258,Overwatch,4.0,5,870,888,559,2048,91,2865,Casual,"0,1,0,1,0,0,0",4
261,Loadout,2.0,3,350,350,677,2913,72,2860,Indie,"0,0,0,1,0,0,0",3
272,Elite Dangerous,4.0,4,368,372,507,2466,80,2790,Adventure,"0,0,1,1,1,0,0",4
277,Dirty Bomb,3.0,3,313,314,680,2406,63,2769,Shooter,"0,1,0,1,0,0,0",3
282,Thief Gold,4.0,5,201,202,428,8100,92,2749,Action,"0,0,0,1,0,0,0",4
291,Call of Duty: Modern Warfare (2019),4.0,4,454,469,519,799,80,2725,Shooter,"0,1,0,1,0,0,0",4
294,Risen 2: Dark Waters,3.0,4,312,315,681,3540,69,2709,Action,"0,0,0,1,1,0,0",4
300,Anomaly: Warzone Earth,3.0,4,189,189,525,3922,80,2700,Strategy,"0,0,0,1,0,0,1",3
303,This is the Police,4.0,4,539,542,259,1979,66,2695,Indie,"0,0,1,0,0,0,1",4
304,The Evil Within 2,4.0,4,610,614,467,1543,82,2694,Shooter,"0,1,1,1,0,0,0",4
306,South Park: The Fractured But Whole,4.0,4,633,639,217,1737,80,2691,Adventure,"0,0,1,0,1,0,0",4
308,Tom Clancy's Splinter Cell: Conviction,4.0,4,538,539,574,4281,83,2687,Adventure,"0,0,1,1,0,0,0",4
309,Gears of War,4.0,4,682,686,663,5533,90,2685,Shooter,"0,1,0,1,0,0,0",4
313,Hellblade: Senua's Sacrifice VR Edition,4.0,5,194,195,508,1250,87,2671,Indie,"0,0,1,1,0,0,0",3
316,Cortex Command,3.0,1,217,217,464,3382,44,2652,Strategy,"0,0,0,1,0,0,1",2
317,Fable III,4.0,4,560,563,672,4086,78,2648,Action,"0,0,0,1,1,0,0",4
318,The Incredible Adventures of Van Helsing,3.0,4,260,260,658,3146,72,2645,Indie,"0,0,0,1,1,0,0",4
319,Aegis Defenders,3.0,3,76,77,300,1424,75,2627,Adventure,"0,0,1,1,1,0,1",3
321,My Friend Pedro,4.0,4,544,548,169,927,76,2619,Shooter,"0,1,1,1,0,0,0",4
322,Plague Inc: Evolved,4.0,4,457,461,298,2297,80,2611,Casual,"0,0,0,0,0,0,1",4
326,Dungeon Defenders,3.0,4,256,257,547,4034,81,2594,Strategy,"0,0,0,1,1,0,1",4
327,"Warhammer 40,000: Dawn of War II",4.0,4,307,310,741,4700,85,2581,Strategy,"0,0,0,0,1,0,1",4
337,SUPERHOT: MIND CONTROL DELETE,4.0,4,226,234,204,535,79,2558,Indie,"0,0,0,1,0,0,0",4
342,Fallout 76,3.0,1,471,478,398,1144,51,2537,Adventure,"0,0,1,1,1,0,0",2
351,Tom Clancy’s The Division 2,4.0,4,633,639,642,1023,83,2503,Shooter,"0,1,1,1,1,0,0",4
352,Star Wars: Republic Commando,4.0,4,389,395,643,6150,78,2503,Shooter,"0,1,0,1,0,0,0",4
353,Condemned: Criminal Origins,4.0,4,341,341,226,5891,80,2498,Action,"0,0,0,1,0,0,0",4
356,Prince of Persia: The Sands of Time,4.0,4,700,707,594,6640,89,2487,Adventure,"0,0,1,1,0,0,0",4
361,Divinity II: Developer's Cut,4.0,4,187,188,735,3351,77,2470,Action,"0,0,0,1,1,0,0",3
368,Far Cry,4.0,4,616,623,540,6494,89,2449,Shooter,"0,1,0,1,0,0,0",4
372,Kane and Lynch: Dead Men,4.0,4,369,372,512,5163,67,2446,Shooter,"0,1,0,1,0,0,0",4
375,Killzone Shadow Fall,3.0,3,469,471,460,2969,73,2424,Shooter,"0,1,0,0,0,0,0",3
384,Command & Conquer: Red Alert 3 - Uprising,4.0,4,188,188,679,4678,64,2384,Strategy,"0,0,0,0,0,0,1",4
386,Endless Legend,4.0,4,310,311,432,2662,82,2381,Strategy,"0,0,0,0,1,0,1",4
389,DiRT 3,4.0,4,334,335,464,3875,87,2373,Racing,"1,0,0,0,0,0,0",4
392,>observer_,4.0,4,375,381,517,1601,77,2365,Indie,"0,0,1,0,0,0,0",4
393,F1 2018,4.0,4,151,151,182,1227,84,2364,Racing,"1,0,0,1,0,0,0",3
402,ENSLAVED: Odyssey to the West Premium Edition,4.0,4,308,309,613,2991,70,2333,Adventure,"0,0,1,1,0,0,0",4
426,Thief 3: Deadly Shadows,4.0,4,189,189,404,6431,85,2258,Action,"0,0,0,1,0,0,0",3
429,Tell Me Why,3.0,4,153,156,639,492,76,2251,Adventure,"0,0,1,0,0,0,0",3
430,Dear Esther,4.0,4,303,304,296,3609,75,2249,Casual,"0,0,1,0,0,0,0",4
433,Dungeon of the Endless,4.0,4,219,220,421,2623,79,2234,Indie,"0,0,1,0,1,0,1",4
434,Ashes of the Singularity: Escalation,2.0,1,46,46,505,1879,81,2229,Strategy,"0,0,0,0,1,0,1",2
447,Risk of Rain 2,4.0,4,408,415,428,1010,85,2188,Shooter,"0,1,0,1,0,0,0",4
452,Absolver,3.0,3,346,349,457,1587,72,2173,Indie,"0,0,1,1,0,0,0",3
453,Rage 2,3.0,3,544,558,547,963,71,2173,Racing,"1,1,0,1,0,0,0",3
457,Just Cause 4,3.0,3,371,374,540,1124,68,2166,Adventure,"0,0,1,1,0,0,0",3
458,Two Worlds II,3.0,3,207,208,684,4071,76,2165,RPG,"0,0,0,0,1,0,0",3
463,Resident Evil 0 / biohazard 0 HD REMASTER,4.0,4,311,313,589,2174,69,2154,Adventure,"0,0,1,1,0,0,0",4
473,The Turing Test,4.0,4,273,278,226,1950,74,2119,Adventure,"0,0,1,0,0,0,0",4
475,Downwell,4.0,4,408,411,121,2271,81,2114,Adventure,"0,0,1,1,0,0,0",4
481,The Bridge,3.0,4,223,224,390,3235,74,2098,Casual,"0,0,0,0,0,1,1",4
483,Defiance,2.0,1,190,190,710,3196,64,2093,Shooter,"0,1,0,1,1,0,0",2
485,Tomb Raider: Definitive Edition,4.0,4,206,207,660,2892,86,2091,Adventure,"0,0,1,1,0,0,0",4
491,Portal Knights,3.0,3,304,305,412,2137,72,2073,Adventure,"0,0,1,1,1,0,0",3
493,Dragon Age 2,4.0,4,638,648,597,3952,81,2064,Adventure,"0,0,1,1,1,0,0",4
496,Northgard,4.0,4,357,360,433,1397,79,2063,Adventure,"0,0,1,0,1,0,1",4
498,Apotheon,3.0,4,290,290,361,2525,78,2050,Indie,"0,0,1,1,1,0,0",4
499,Back to the Future: The Game,3.0,4,216,218,502,4029,74,2048,Adventure,"0,0,1,1,0,1,0",4
500,Slime Rancher,4.0,4,365,373,425,2179,81,2047,Indie,"0,0,1,1,0,0,0",4
501,Lovers in a Dangerous Spacetime,4.0,4,337,340,357,2307,80,2045,Shooter,"0,1,0,1,0,0,0",4
517,Sonic Adventure 2,4.0,4,298,301,429,7502,89,2011,Platformer,"0,0,1,1,0,0,0",4
519,Cyberpunk 2077,4.0,5,1364,1422,611,387,68,8246,Adventure,"0,0,1,1,1,0,0",4
528,Marvel's Spider-Man,4.0,5,2757,2817,561,1212,87,7913,Adventure,"0,0,1,1,0,0,0",4
531,Far Cry 3,4.0,4,2158,2179,647,3321,88,7817,Shooter,"0,1,0,1,0,0,0",4
534,L.A. Noire,4.0,4,1674,1689,440,3882,83,7648,Adventure,"0,0,1,1,0,1,0",4
537,Little Nightmares,4.0,4,990,1008,335,1710,81,7628,Platformer,"0,0,0,1,0,0,0",4
548,Path of Exile,4.0,4,1233,1241,598,2992,86,7311,Indie,"0,0,0,1,1,0,0",4
555,Dishonored,4.0,5,2025,2044,679,3385,91,7113,Shooter,"0,1,1,1,1,0,0",4
562,Night in the Woods,4.0,5,507,519,230,1775,88,1997,Adventure,"0,0,1,0,0,0,0",4
566,Crysis 2,4.0,4,538,538,610,3938,85,1991,Shooter,"0,1,0,1,0,0,0",4
569,Baldur's Gate: Enhanced Edition,4.0,4,228,231,536,3321,78,1983,Strategy,"0,0,0,0,1,0,1",4
570,Reus,3.0,3,192,194,291,3153,75,1978,Strategy,"0,0,0,0,0,0,1",3
571,The Crew,3.0,3,365,367,531,2588,71,1978,Racing,"1,0,1,0,0,0,0",3
580,Aliens vs. Predator,4.0,4,339,343,669,4337,68,1964,Shooter,"0,1,0,1,0,0,0",4
583,Thief II: The Metal Age,4.0,5,140,140,428,7977,87,1958,Action,"0,0,0,1,0,0,0",4
584,We Were Here,4.0,4,273,275,263,1793,63,1958,Adventure,"0,0,1,1,0,1,0",4
592,Project CARS,4.0,4,219,219,411,2432,83,1952,Racing,"1,0,0,0,0,0,0",4
602,Kathy Rain,3.0,4,121,122,354,2067,77,1937,Indie,"0,0,1,0,0,1,0",4
604,Rome: Total War - Collection,4.0,4,194,194,502,5240,92,1932,Strategy,"0,0,0,0,0,0,1",4
608,Streets of Rage 4,4.0,4,333,341,483,611,84,1918,Indie,"0,0,0,1,0,0,0",4
627,Plants vs. Zombies,4.0,4,587,590,242,4624,88,1872,Strategy,"0,0,0,1,0,1,1",4
628,DOOM 3,4.0,4,450,454,546,6360,87,1869,Shooter,"0,1,0,1,0,0,0",4
640,Anthem,3.0,3,429,435,644,1044,56,1835,Shooter,"0,1,1,1,1,0,0",3
643,Teslagrad,3.0,4,185,186,413,2942,77,1827,Adventure,"0,0,1,1,0,1,0",4
655,Lethal League,4.0,4,152,152,412,2684,82,1806,Indie,"0,0,0,1,0,0,0",4
659,Contrast,3.0,4,255,255,580,2969,62,1799,Indie,"0,0,1,1,0,1,0",4
668,FIFA 20,3.0,4,358,363,429,827,68,1783,Sports,"0,0,0,0,0,0,0",4
669,Puzzle Agent 2,3.0,4,95,96,233,3839,63,1782,Casual,"0,0,1,0,0,1,0",3
680,Wreckfest,4.0,4,225,227,324,1297,81,1761,Racing,"1,0,0,1,0,0,0",4
688,The Escapists,3.0,4,208,209,275,2515,71,1754,Adventure,"0,0,1,1,1,1,1",4
689,Divide By Sheep,2.0,1,124,124,218,2375,83,1752,Educational,"0,0,1,0,0,1,0",2
693,Poker Night 2,4.0,4,192,193,316,3174,75,1738,Casual,"0,0,0,0,0,0,0",4
696,Back to Bed,3.0,3,146,147,193,2705,57,1724,Adventure,"0,0,1,1,0,1,1",3
707,Forza Horizon 3,4.0,5,511,514,456,1922,88,1709,Racing,"1,0,0,0,0,0,0",4
711,Sid Meier's Pirates!,4.0,4,210,211,528,6249,88,1704,Educational,"0,0,1,1,1,0,1",4
715,Prince of Persia: The Forgotten Sands,4.0,4,342,342,711,4246,75,1699,Adventure,"0,0,1,1,0,0,0",4
720,Baldur's Gate II: Enhanced Edition,4.0,5,181,183,816,2969,78,1692,Strategy,"0,0,0,0,1,0,1",4
721,Final Fantasy IX,4.0,5,453,458,493,7848,84,1690,Adventure,"0,0,1,0,1,0,0",4
728,Lost Planet 3,3.0,3,145,146,613,3050,60,1678,Shooter,"0,1,0,1,0,0,0",3
729,The Escapists 2,4.0,4,173,175,356,1594,74,1675,Strategy,"0,0,0,0,0,0,1",4
740,The Walking Dead: A New Frontier,4.0,4,450,453,606,1839,71,1648,Adventure,"0,0,1,1,0,0,0",4
750,NightSky,3.0,3,87,87,176,4013,78,1628,Action,"0,0,0,1,0,1,1",3
755,Command & Conquer: Red Alert 3,4.0,4,268,270,561,5114,82,1622,Strategy,"0,0,0,0,0,0,1",4
756,Old Man's Journey,4.0,4,202,210,401,1690,77,1622,Adventure,"0,0,1,1,0,1,0",4
762,State of Decay: YOSE,4.0,4,177,178,523,2441,79,1616,Shooter,"0,1,0,1,1,0,0",4
764,Cities in Motion 2,3.0,3,79,80,396,3196,72,1614,Strategy,"0,0,0,0,0,0,1",3
765,X-Blades,3.0,3,124,124,673,4712,54,1612,Adventure,"0,0,1,1,1,0,0",3
772,Operation Flashpoint: Red River,3.0,3,70,70,531,3910,67,1602,Shooter,"0,1,0,1,0,0,1",3
776,Tom Clancy's Rainbow Six Vegas 2,4.0,4,251,252,566,5008,78,1596,Shooter,"0,1,0,1,0,0,1",4
781,Armello,4.0,4,174,177,478,2314,75,1592,Adventure,"0,0,1,0,1,0,1",4
782,Memoria,3.0,4,94,94,605,3046,79,1592,Indie,"0,0,1,1,1,0,0",4
783,Quake III Arena,4.0,5,402,402,414,8066,69,1591,Shooter,"0,1,0,1,0,0,0",4
789,Rusty Lake Hotel,4.0,4,101,102,205,2210,65,1582,Indie,"0,0,1,0,0,1,0",4
797,Dreamfall Chapters,4.0,4,197,203,596,2630,71,1576,Indie,"0,0,1,1,0,0,0",4
798,Capsized,3.0,3,95,95,423,3901,80,1574,Indie,"0,0,1,1,0,0,0",3
799,Wolfenstein: Youngblood,3.0,3,304,313,164,890,66,1573,Shooter,"0,1,0,1,0,0,0",3
802,Legacy of Kain: Soul Reaver 2,4.0,4,125,126,591,7369,77,1565,Platformer,"0,0,1,1,0,0,0",4
804,Gods Will Be Watching,4.0,4,129,132,251,2719,64,1562,Indie,"0,0,1,1,0,0,0",4
816,Grand Theft Auto 2,4.0,4,341,341,340,8107,70,1541,Adventure,"0,0,1,1,0,0,0",4
832,Homefront: The Revolution,3.0,3,270,270,664,2055,54,1524,Shooter,"0,1,1,1,0,0,0",3
836,The Dream Machine: Chapter 1 & 2,3.0,4,33,33,369,3522,75,1519,Casual,"0,0,1,0,0,0,0",3
838,Friday the 13th: The Game,3.0,3,221,223,454,1682,61,1519,Adventure,"0,0,1,1,0,0,0",3
840,Star Wars: The Old Republic,4.0,4,165,167,606,3665,85,1517,Massively Multiplayer,"0,0,0,0,1,0,0",4
841,The Vanishing of Ethan Carter Redux,4.0,4,39,39,320,2362,82,1513,Indie,"0,0,1,0,0,0,0",4
843,Orcs Must Die! Unchained,3.0,3,186,186,547,2104,87,1510,Strategy,"0,0,0,1,0,0,1",3
846,DiRT 4,4.0,4,210,211,224,1670,78,1504,Racing,"1,0,0,0,0,0,0",4
849,Homeworld Remastered Collection,4.0,4,141,142,409,2503,86,1499,Strategy,"0,0,0,0,0,0,1",4
852,Painkiller Hell & Damnation,4.0,4,148,149,749,3349,64,1493,Shooter,"0,1,0,1,0,0,0",4
861,Legacy of Kain: Defiance,4.0,4,115,118,607,6592,70,1482,Platformer,"0,0,1,1,0,0,0",4
862,Hellpoint,3.0,3,23,26,468,520,64,1479,Indie,"0,0,1,1,1,0,0",3
866,FINAL FANTASY VIII,4.0,5,340,342,396,8391,90,1475,RPG,"0,0,0,0,1,0,0",4
872,Ken Follett's The Pillars of the Earth,4.0,4,84,86,525,1600,79,1469,Adventure,"0,0,1,0,0,1,0",4
883,A Virus Named TOM,2.0,3,65,65,299,3440,65,1453,Action,"0,0,0,1,0,1,1",3
895,Tales of Zestiria,4.0,4,195,198,587,2536,77,1434,RPG,"0,0,0,0,1,0,0",4
897,CAYNE,3.0,1,88,89,320,1804,75,1429,Casual,"0,0,1,0,0,0,0",2
904,LEGO Harry Potter: Years 5-7,4.0,4,198,198,613,3704,80,1413,Family,"0,0,1,1,0,0,0",4
905,Need for Speed: Shift,4.0,4,302,302,344,4491,83,1413,Racing,"1,0,0,1,0,0,0",4
913,Vessel,3.0,3,78,78,532,3593,81,1394,Strategy,"0,0,0,1,0,1,1",3
914,DRAGON QUEST XI: Echoes of an Elusive Age,4.0,5,317,320,425,1617,91,1393,RPG,"0,0,0,0,1,0,0",4
917,Twelve Minutes,4.0,4,275,286,215,135,74,1389,Indie,"0,0,1,1,0,0,0",4
925,Alienation,3.0,4,254,254,256,2076,79,1377,Shooter,"0,1,0,1,0,0,0",4
926,Tesla Effect: A Tex Murphy Adventure,3.0,3,55,55,474,2811,68,1376,Indie,"0,0,1,0,0,0,0",3
927,Crash Team Racing Nitro-Fueled,4.0,4,275,280,285,925,82,1375,Racing,"1,0,0,1,0,0,0",4
933,The Incredible Adventures of Van Helsing II,4.0,4,91,91,670,2781,77,1371,Indie,"0,0,1,1,1,0,0",4
938,Ultra Street Fighter IV,4.0,4,153,155,557,2769,84,1368,Action,"0,0,0,1,0,0,0",4
943,Serious Sam: The Random Encounter,3.0,3,77,77,198,3722,64,1357,Indie,"0,0,0,1,1,0,0",3
954,LEGO Star Wars: The Force Awakens,4.0,4,225,230,382,2014,74,1340,Adventure,"0,0,1,1,0,1,0",4
957,Half-Life 2: Update,4.0,5,82,82,527,2472,96,1336,Shooter,"0,1,0,0,0,0,0",4
960,Bastion,4.0,4,1411,1428,535,3818,86,6992,Indie,"0,0,1,1,1,0,0",4
974,Control,4.0,4,1284,1318,370,858,84,6541,Shooter,"0,1,1,1,0,0,0",4
976,Monster Hunter: World,4.0,5,1313,1330,585,1436,89,6475,Adventure,"0,0,1,1,1,0,0",4
981,SEGA Mega Drive and Genesis Classics,3.0,4,465,466,378,4232,76,6427,Adventure,"0,0,1,1,1,0,0",4
986,Transistor,4.0,5,1255,1264,487,2783,83,6346,Indie,"0,0,0,1,1,0,0",4
989,Mafia II,4.0,4,1641,1647,588,4148,77,6307,Adventure,"0,0,1,1,0,0,0",4
990,Darksiders,4.0,4,993,995,678,4357,83,6275,Action,"0,0,0,1,0,0,0",4
995,Assassin's Creed II,4.0,5,2126,2138,625,4428,89,6184,Action,"0,0,0,1,0,0,0",4
997,Batman: Arkham Asylum Game of the Year Edition,4.0,5,1288,1290,526,4299,91,6150,Platformer,"0,0,1,1,0,0,0",4
1022,Diablo III: Eternal Collection,4.0,4,213,213,617,1649,88,1306,Action,"0,0,0,1,0,0,0",4
1026,Phantom Doctrine,3.0,4,79,79,253,1237,71,1299,Strategy,"0,0,0,1,1,0,1",3
1034,Beatbuddy: Tale of the Guardians,3.0,3,53,53,476,3071,75,1292,Adventure,"0,0,1,1,0,1,0",3
1036,The Sexy Brutale,4.0,4,124,126,272,1737,83,1291,Indie,"0,0,1,0,0,0,0",4
1037,Microsoft Flight Simulator 2020,4.0,5,157,160,365,501,90,1291,Simulation,"0,0,0,0,0,0,0",4
1039,Mother Russia Bleeds,4.0,4,198,200,561,1945,70,1290,Indie,"0,0,0,1,0,0,0",4
1046,Marvel's Guardians of the Galaxy,4.0,5,136,139,745,67,75,1281,Shooter,"0,1,1,1,0,0,0",4
1048,Sundered,3.0,4,115,117,343,1619,76,1279,Indie,"0,0,1,1,0,0,0",4
1049,The Surge 2,4.0,4,107,110,300,830,76,1278,Adventure,"0,0,1,1,1,0,0",4
1051,FlatOut: Ultimate Carnage,4.0,4,157,157,521,4922,79,1275,Racing,"1,0,0,0,0,0,0",4
1053,Dead Rising 2: Off the Record,4.0,4,132,133,536,3916,66,1275,Adventure,"0,0,1,1,0,0,0",4
1066,Aquaria,4.0,4,69,72,373,5140,82,1267,Indie,"0,0,1,1,0,0,0",4
1069,Unreal Tournament: Game of the Year Edition,4.0,5,179,179,604,7738,92,1265,Shooter,"0,1,0,1,0,0,0",4
1072,The Jackbox Party Pack 2,4.0,4,174,176,153,2272,76,1262,Casual,"0,0,0,0,0,0,1",4
1081,LEGO Worlds,3.0,3,172,174,188,1761,69,1251,Adventure,"0,0,1,0,0,0,0",3
1083,Gears Tactics,4.0,4,139,144,702,613,81,1251,Strategy,"0,0,0,0,0,0,1",4
1088,LISA,4.0,5,163,166,212,2575,78,1244,Indie,"0,0,1,0,1,0,0",4
1099,Morphopolis,3.0,3,86,86,356,2977,74,1233,Racing,"1,0,1,1,1,1,1",3
1100,Gratuitous Space Battles,3.0,3,38,38,473,4441,72,1233,Strategy,"0,0,0,0,0,0,1",3
1109,Crusader Kings III,4.0,5,206,210,229,487,91,1216,Strategy,"0,0,0,0,1,0,1",4
1125,Supraland,4.0,4,108,109,351,1002,84,1199,Indie,"0,0,1,1,0,1,0",4
1130,Arcanum: Of Steamworks and Magick Obscura,4.0,5,266,269,407,7438,81,1192,RPG,"0,0,0,0,1,0,0",4
1132,The Walking Dead: The Final Season,4.0,4,299,305,429,1237,78,1189,Adventure,"0,0,1,1,0,0,0",4
1134,Little Nightmares II,4.0,5,213,224,378,325,82,1186,Platformer,"0,0,1,1,0,0,0",4
1140,Hatoful Boyfriend,3.0,4,166,168,305,2677,68,1178,Adventure,"0,0,1,0,0,0,0",4
1146,Jazzpunk,4.0,4,182,183,483,2886,75,1173,Indie,"0,1,1,1,0,0,0",4
1156,Worms Rumble,3.0,3,55,57,837,396,67,1164,Shooter,"0,1,0,1,0,0,1",3
1160,Danganronpa 2: Goodbye Despair,4.0,5,226,228,414,3446,84,1161,Casual,"0,0,1,0,0,0,0",4
1163,Rise of the Argonauts,3.0,3,78,80,650,4768,59,1160,Action,"0,0,0,1,1,0,0",3
1175,Always Sometimes Monsters,3.0,3,67,67,218,2783,73,1147,Indie,"0,0,1,0,1,0,0",3
1178,Shovel Knight: Treasure Trove,4.0,5,280,288,383,2747,91,1142,Platformer,"0,0,1,1,0,0,0",4
1200,Talisman: Digital Edition,3.0,4,70,71,370,2867,51,1109,Strategy,"0,0,0,0,1,0,1",3
1201,Atom Zombie Smasher,3.0,3,86,86,123,3946,75,1108,Strategy,"0,0,0,0,0,0,1",3
1205,GoNNER,3.0,4,74,75,192,1907,81,1105,Shooter,"0,1,1,1,0,0,0",4
1209,Move or Die,4.0,4,143,146,327,2172,80,1100,Indie,"0,0,0,1,0,0,0",4
1215,Oil Rush,2.0,3,47,48,578,3629,67,1095,Strategy,"0,0,0,0,0,0,1",3
1216,Five Nights at Freddy's,3.0,4,186,186,300,2718,78,1094,Strategy,"0,0,0,1,0,0,1",4
1225,Block N Load,2.0,1,96,96,422,2438,72,1081,Strategy,"0,0,0,1,0,0,1",2
1241,Command & Conquer 3: Tiberium Wars,4.0,4,170,171,634,5163,85,1071,Strategy,"0,0,0,0,0,0,1",4
1242,Arx Fatalis,4.0,5,120,122,530,6991,77,1070,Adventure,"0,0,1,1,1,0,0",4
1246,Rome: Total War - Alexander,4.0,4,78,78,410,5668,79,1065,Strategy,"0,0,0,0,0,0,1",4
1251,The Plan,3.0,4,136,139,99,2878,50,1059,Casual,"0,0,0,0,0,0,0",4
1252,Icewind Dale: Enhanced Edition,4.0,4,71,71,497,2620,80,1058,Strategy,"0,0,1,0,1,0,1",4
1253,Subnautica: Below Zero,4.0,4,156,157,358,232,80,1057,Indie,"0,0,1,0,0,0,0",4
1259,Biomutant,3.0,3,93,100,463,221,66,1052,Action,"0,0,0,1,1,0,0",3
1271,Alone in the Dark,3.0,4,179,179,598,5114,55,1041,Adventure,"0,0,1,1,0,0,0",4
1272,F1 2020,4.0,4,57,57,86,540,88,1041,Racing,"1,0,0,0,0,0,0",4
1273,Gauntlet Slayer Edition,4.0,4,123,124,518,2657,70,1040,Adventure,"0,0,1,1,1,0,0",4
1276,Concrete Genie,4.0,4,124,127,613,816,75,1036,Adventure,"0,0,1,1,0,0,0",4
1278,Star Wars: The Force Unleashed,4.0,4,352,356,651,4855,72,1033,Adventure,"0,0,1,1,0,0,0",4
1281,Dex,4.0,4,103,105,442,2432,62,1028,Indie,"0,0,1,1,1,0,0",4
1289,Bound,3.0,3,207,209,386,1964,71,1020,Action,"0,0,0,1,0,0,0",3
1291,The Jackbox Party Pack,4.0,4,176,177,167,2601,77,1018,Casual,"0,0,0,0,0,0,1",4
1301,Nuclear Dawn,3.0,3,53,53,482,3751,71,1002,Strategy,"0,0,0,1,0,0,1",3
1307,Sine Mora EX,3.0,4,59,59,591,1608,82,997,Shooter,"0,1,0,1,0,0,0",4
1319,The Gardens Between,4.0,4,183,188,202,1199,79,986,Indie,"0,0,1,0,0,1,0",4
1324,Wuppo,3.0,4,52,52,343,1921,80,982,Indie,"0,0,1,1,1,0,0",4
1330,SPORE Galactic Adventures,4.0,4,108,108,562,4575,70,978,Action,"0,0,0,1,0,0,0",4
1337,Wargame: European Escalation,3.0,4,61,61,505,3601,81,972,Strategy,"0,0,0,0,0,0,1",4
1341,R.A.W. Realms of Ancient War,2.0,1,47,47,320,3370,39,965,Action,"0,0,0,1,1,0,0",2
1342,Tales From Space: Mutant Blobs Attack,3.0,4,71,72,263,3602,83,965,Indie,"0,0,1,1,0,0,0",4
1343,Observation,4.0,4,199,205,467,956,77,965,Indie,"0,0,1,0,0,0,0",4
1350,Evolve,3.0,3,181,184,244,2517,76,959,Shooter,"0,1,0,1,0,0,0",3
1352,Sheltered,3.0,4,96,97,318,2311,66,954,Strategy,"0,0,0,0,1,0,1",3
1358,Road Not Taken,3.0,3,109,109,280,2706,75,948,Indie,"0,0,0,0,1,1,0",3
1365,Marvel vs. Capcom: Infinite,3.0,3,136,137,213,1565,74,940,Action,"0,0,0,1,0,0,0",3
1372,ibb & obb,4.0,4,85,86,72,3070,83,935,Adventure,"0,0,1,1,0,1,0",4
1375,SHIFT 2 UNLEASHED,4.0,4,121,121,371,3952,84,934,Racing,"1,0,0,0,0,0,0",4
1383,Megabyte Punch,2.0,1,37,37,352,3071,69,929,Indie,"0,0,1,1,0,0,0",2
1387,Thimbleweed Park,4.0,4,201,203,398,1739,84,925,Indie,"0,0,1,0,0,1,0",4
1388,Cubetractor,2.0,1,31,31,112,3139,75,924,Strategy,"0,0,0,1,0,0,1",2
1393,Duelyst,3.0,4,89,90,197,1957,82,920,Strategy,"0,0,0,0,0,0,1",4
1407,INSIDE,4.0,5,1955,1983,256,2013,87,6011,Adventure,"0,0,1,1,0,1,0",4
1409,Red Dead Redemption,4.0,5,1754,1764,455,4246,95,5935,Shooter,"0,1,0,1,0,0,0",4
1412,The Wolf Among Us,4.0,5,1672,1686,561,3005,82,5920,Adventure,"0,0,1,0,0,0,0",4
1414,Far Cry 5,4.0,4,1552,1581,379,1376,80,5900,Shooter,"0,1,0,1,0,0,0",4
1425,Call of Duty: Modern Warfare 2,4.0,4,1564,1570,638,4435,86,5745,Shooter,"0,1,0,1,0,0,0",4
1431,Far Cry 4,4.0,4,1378,1392,503,2601,80,5631,Shooter,"0,1,0,0,0,0,0",4
1432,Fall Guys: Ultimate Knockout,4.0,4,771,787,173,515,80,5607,Action,"0,0,0,1,0,0,0",4
1436,Total War: SHOGUN 2,4.0,4,450,451,644,3946,90,5544,Strategy,"0,0,0,0,0,0,1",4
1438,Call of Duty: Black Ops III,3.0,3,1197,1204,536,2248,73,5532,Shooter,"0,1,0,1,0,0,0",3
1454,Dreamfall: The Longest Journey,4.0,4,177,179,448,5739,75,902,Adventure,"0,0,1,1,1,0,0",4
1457,Beholder 2,4.0,4,79,79,155,1124,76,899,Indie,"0,0,1,0,0,0,1",4
1464,Rock of Ages 2: Bigger & Boulder,4.0,4,65,69,427,1587,77,896,Racing,"1,0,0,1,0,0,1",4
1470,Fahrenheit (Indigo Prophecy),4.0,5,388,388,409,5951,85,892,Adventure,"0,0,1,1,0,0,0",4
1471,New World,3.0,3,63,64,587,95,70,892,Massively Multiplayer,"0,0,1,1,1,0,0",3
1476,Freespace 2,3.0,1,66,67,366,8129,91,885,Action,"0,0,0,1,0,0,0",2
1479,Unrailed!,3.0,4,45,45,156,465,73,883,Casual,"0,0,0,1,0,0,0",3
1481,War for the Overworld,3.0,4,52,55,651,2467,65,880,Strategy,"0,0,0,1,0,0,1",3
1482,Zero Escape: Zero Time Dilemma,4.0,4,152,154,366,2013,78,880,Adventure,"0,0,1,0,0,0,0",4
1490,Electronic Super Joy,4.0,4,69,70,169,3053,78,875,Platformer,"0,0,0,1,0,0,0",4
1491,Lightmatter,3.0,4,33,34,286,717,73,875,Indie,"0,0,1,0,0,0,0",3
1500,Greed Corp,3.0,4,43,43,429,4333,76,868,Strategy,"0,0,0,0,0,0,1",4
1503,Warhammer: Chaosbane,3.0,3,47,51,529,946,68,867,Adventure,"0,0,1,1,1,0,0",3
1505,The Beast Inside,4.0,4,50,51,437,808,74,866,Indie,"0,0,1,1,0,0,0",3
1511,The Cat Lady,4.0,5,101,104,464,3318,81,862,Indie,"0,0,1,0,0,0,0",4
1516,Heroes of Might & Magic V: Tribes of the East,4.0,4,130,131,580,5191,70,860,Strategy,"0,0,0,0,0,0,1",4
1518,Democracy 3,4.0,4,112,113,275,3001,70,858,Strategy,"0,0,0,0,0,0,1",4
1523,Control Ultimate Edition,4.0,5,135,140,534,492,84,853,Shooter,"0,1,1,1,0,0,0",4
1524,UFO: Afterlight,2.0,1,42,42,339,5406,71,852,Strategy,"0,0,0,0,0,0,1",2
1525,Sam & Max: Episode 204 - Chariots of the Dogs,3.0,4,43,43,301,5041,85,851,Adventure,"0,0,1,0,0,1,0",4
1535,Blackguards 2,3.0,3,38,38,685,2538,74,846,Indie,"0,0,1,0,1,0,1",3
1536,Sam & Max: Episode 203 - Night of the Raving Dead,3.0,4,41,41,453,5071,79,846,Adventure,"0,0,1,0,0,1,0",4
1546,Detention,4.0,4,107,110,431,1815,83,834,Indie,"0,0,1,0,0,1,0",4
1548,Age of Empires IV,4.0,4,55,56,213,65,81,832,Strategy,"0,0,0,0,0,0,1",4
1549,Amnesia: Rebirth,3.0,4,90,94,211,438,78,832,Indie,"0,0,1,1,0,0,0",4
1550,Tom Clancy's Ghost Recon Breakpoint,3.0,3,139,143,485,820,57,831,Shooter,"0,1,0,0,0,0,0",3
1553,Carto,4.0,4,55,55,117,432,77,829,Indie,"0,0,1,0,0,1,0",4
1556,Of Orcs and Men,3.0,3,67,70,367,3370,69,828,Action,"0,0,0,1,1,0,0",3
1564,Ape Out,4.0,4,255,261,207,1038,83,823,Indie,"0,0,0,1,0,0,0",4
1580,Take On Helicopters,2.0,1,23,23,371,3719,70,815,Simulation,"0,0,0,0,0,0,0",2
1582,The Chronicles of Riddick: Assault on Dark Athena,4.0,4,141,141,462,4652,81,814,Shooter,"0,1,0,1,0,0,0",4
1583,Journey of a Roach,3.0,4,46,46,435,3011,65,813,Indie,"0,0,1,0,0,1,0",3
1590,Valfaris,4.0,4,37,38,519,814,81,809,Indie,"0,0,0,1,0,0,0",4
1603,LEGO Marvel Super Heroes 2,4.0,4,141,142,316,1509,74,804,Adventure,"0,0,1,1,0,0,0",4
1606,Rain World,4.0,5,63,64,498,1741,66,802,Indie,"0,0,1,1,0,0,0",4
1610,SYMMETRY,3.0,3,22,23,128,1412,58,799,Strategy,"0,0,1,0,0,0,1",3
1614,Fallen Earth Free2Play,2.0,1,41,41,655,3601,71,797,Massively Multiplayer,"0,0,0,0,1,0,0",2
1616,Atlas Reactor,3.0,3,69,71,438,1915,81,797,Strategy,"0,0,0,0,0,0,1",3
1622,Orbital Gear,3.0,3,45,45,373,2704,59,790,Indie,"0,0,0,1,0,0,0",3
1634,Get Even,4.0,3,89,89,425,1656,75,781,Indie,"0,0,1,1,0,0,0",3
1639,Vikings - Wolves of Midgard,3.0,3,61,61,577,1745,66,777,Action,"0,0,0,1,1,0,0",3
1646,Domina,3.0,4,84,85,185,1734,73,771,Strategy,"0,0,0,1,0,0,1",3
1652,Duke Nukem 3D: 20th Anniversary World Tour,4.0,4,93,94,504,1908,72,768,Shooter,"0,1,0,1,0,0,0",3
1656,League of Legends,4.0,4,408,415,498,4449,78,765,Strategy,"0,0,0,1,1,0,1",4
1662,Painkiller: Resurrection,3.0,4,49,50,526,4449,38,761,Action,"0,0,0,1,0,0,0",3
1667,Lonely Mountains: Downhill,4.0,4,123,125,308,801,80,759,Racing,"1,0,0,0,0,0,0",4
1678,The Sinking City,3.0,3,175,176,236,921,70,749,Adventure,"0,0,1,1,0,0,0",3
1681,The Lion's Song: Episode 1 - Silence,3.0,4,43,43,478,2004,78,746,Indie,"0,0,1,0,0,0,0",4
1683,Men of War: Red Tide,3.0,4,25,25,530,4523,77,744,Strategy,"0,0,0,0,0,0,1",4
1685,Muse Dash,4.0,4,62,65,246,1297,73,743,Casual,"0,0,0,1,0,0,0",3
1688,Devil May Cry,4.0,4,275,279,589,7436,84,742,Action,"0,0,0,1,0,0,0",4
1693,Ashen,4.0,4,164,169,657,1121,77,738,Adventure,"0,0,1,1,1,0,0",4
1696,Chariot,3.0,3,82,82,387,2650,76,737,Indie,"0,0,1,1,0,0,0",3
1701,Drake Hollow,4.0,4,29,30,121,457,75,734,Indie,"0,0,1,1,0,0,0",3
1714,The Darkness,4.0,4,145,146,607,5304,82,725,Shooter,"0,1,0,1,0,0,0",4
1715,Desperados: Wanted Dead or Alive,4.0,5,101,102,636,7468,78,725,Strategy,"0,0,0,1,0,0,1",4
1718,ADR1FT,3.0,4,77,77,524,2105,64,722,Indie,"0,0,1,0,0,0,0",3
1726,Yakuza 4,4.0,5,117,119,436,4307,78,718,Action,"0,0,0,1,0,0,0",4
1733,NBA 2K19,3.0,4,179,179,155,1212,80,716,Action,"0,0,0,1,0,0,0",4
1736,Spacebase DF-9,2.0,1,31,32,489,2635,49,714,Strategy,"0,0,0,0,0,0,1",2
1738,Rampage Knights,4.0,4,52,52,431,2311,80,713,Indie,"0,0,1,1,1,0,0",4
1739,Persona 5 Strikers,4.0,5,64,68,483,681,80,713,Adventure,"0,0,1,1,1,0,0",4
1746,Symphony,3.0,4,65,71,295,3436,75,708,Shooter,"0,1,0,1,0,0,0",3
1748,Bleed 2,3.0,4,29,31,326,1788,83,707,Indie,"0,0,0,1,0,0,0",4
1750,Action Henk,3.0,4,32,32,416,2427,74,706,Racing,"1,0,0,1,0,0,0",3
1751,Halo Wars: Definitive Edition,4.0,4,123,124,517,1717,81,705,Strategy,"0,0,0,0,0,0,1",4
1755,Painkiller: Recurring Evil,3.0,4,34,34,679,3594,38,704,Action,"0,0,0,1,0,0,0",3
1759,Spacecom,2.0,1,13,13,238,2664,68,700,Strategy,"0,0,0,1,0,0,1",2
1761,Post Apocalyptic Mayhem,3.0,3,42,42,577,3943,44,700,Racing,"1,0,0,1,0,0,0",3
1763,Halo Wars 2,4.0,4,141,143,615,1775,79,698,Strategy,"0,0,0,0,0,0,1",4
1764,A Case of Distrust,3.0,4,13,13,102,1423,77,697,Indie,"0,0,1,0,0,1,0",4
1765,SABLE,4.0,4,52,53,294,100,74,697,Indie,"0,0,1,1,0,0,0",3
1775,Inscryption,5.0,5,88,88,238,74,84,691,Indie,"0,0,1,0,0,0,1",4
1780,LEGO Indiana Jones 2: The Adventure Continues,4.0,4,126,127,483,4428,66,689,Family,"0,0,1,1,0,0,0",4
1785,Katamari Damacy REROLL,4.0,5,119,120,178,1122,81,687,Casual,"0,0,0,1,0,1,0",4
1788,Pro Evolution Soccer 2018,4.0,4,128,129,229,1572,84,686,Sports,"0,0,0,0,0,0,0",4
1793,Mushroom 11,3.0,4,28,29,459,2271,78,683,Indie,"0,0,1,1,0,1,0",4
1795,Event[0],4.0,4,62,63,344,1936,75,682,Indie,"0,0,1,0,0,1,0",3
1808,The Witcher 2: Assassins of Kings,4.0,5,371,375,570,3882,88,673,RPG,"0,0,0,0,1,0,0",4
1809,SpellForce 2 Anniversary Edition,4.0,4,44,44,624,1725,80,672,Strategy,"0,0,0,1,1,0,1",4
1813,OneShot,4.0,5,111,115,228,1850,84,670,Casual,"0,0,1,0,0,0,0",4
1816,Etherlords,4.0,4,58,59,555,7489,77,667,Strategy,"0,0,0,0,0,0,1",4
1822,Secrets of Rætikon,3.0,3,29,29,264,2816,58,664,Indie,"0,0,1,1,0,0,0",3
1847,Rayman Legends,4.0,4,1290,1303,476,3047,89,5427,Platformer,"0,0,0,0,0,0,0",4
1859,Watch Dogs 2,4.0,4,1296,1307,562,1860,79,5345,Adventure,"0,0,1,1,0,0,0",4
1861,South Park: The Stick of Truth,4.0,4,1277,1287,289,2860,83,5292,Adventure,"0,0,1,0,1,0,0",4
1866,Grim Fandango Remastered,4.0,5,772,776,554,2532,84,5161,Adventure,"0,0,1,0,0,1,0",4
1881,198X,3.0,4,32,34,246,927,67,650,Arcade,"0,0,1,1,0,0,0",3
1885,DRAGON QUEST BUILDERS,4.0,4,96,98,397,2165,82,649,Strategy,"0,0,1,1,0,0,1",4
1892,Capcom Arcade Stadium,4.0,3,19,19,129,318,78,646,Arcade,"0,0,0,1,0,0,0",3
1893,The Banner Saga: Factions,3.0,4,37,37,521,3232,67,645,Indie,"0,0,1,0,1,0,1",3
1900,Wildfire,3.0,3,14,16,417,585,76,640,Indie,"0,0,1,1,0,0,1",3
1924,Mercenaries 2: World in Flames,3.0,3,124,125,621,4871,71,622,Racing,"1,1,0,1,0,0,0",3
1927,Marc Eckō's Getting Up: Contents Under Pressure,4.0,4,129,131,417,5800,69,618,Adventure,"0,0,1,1,0,0,0",4
1932,The Last Door - Collector's Edition,4.0,4,50,50,231,2783,79,615,Indie,"0,0,1,0,0,1,0",4
1937,Between Me and The Night,2.0,1,26,26,249,2171,62,611,Indie,"0,0,1,1,0,0,0",2
1939,Blood Bowl 2,3.0,4,75,79,525,2293,76,611,Strategy,"0,0,0,0,0,0,1",4
1942,XCOM: Enemy Within,4.0,5,235,236,639,2972,86,611,Strategy,"0,0,0,1,0,0,1",4
1955,Kero Blaster,3.0,4,22,22,204,2792,82,602,Indie,"0,1,1,1,0,0,0",4
1965,Randal's Monday,4.0,4,55,56,391,2608,57,598,Indie,"0,0,1,0,0,1,0",3
1970,Disneyland Adventures,2.0,3,82,82,471,1523,70,594,Adventure,"0,0,1,0,0,0,0",3
1974,Day of Infamy,4.0,4,57,57,565,1745,77,592,Shooter,"0,1,0,1,0,0,0",4
1994,Syder Arcade,2.0,3,18,18,429,2991,76,584,Indie,"0,0,0,1,0,0,0",3
1998,Nine Parchments,4.0,4,87,88,371,1488,66,581,Arcade,"0,0,0,1,1,0,0",3
2004,Puddle,3.0,3,46,46,375,3629,70,577,Action,"0,0,0,1,0,1,1",3
2005,Knack 2,4.0,4,51,51,587,1579,71,577,Action,"0,0,0,1,0,0,0",4
2006,The Journey Down: Chapter Two,3.0,4,21,21,514,2686,78,577,Indie,"0,0,1,0,0,1,0",4
2007,Zombie Army 4: Dead War,4.0,4,58,60,272,697,74,577,Shooter,"0,1,0,1,0,0,0",4
2008,Arizona Sunshine,4.0,4,55,55,553,1852,81,577,Indie,"0,0,1,1,0,0,0",4
2016,Carrier Command: Gaea Mission,2.0,3,13,13,538,3382,53,572,Strategy,"0,0,0,1,0,0,1",3
2017,World to the West,3.0,1,22,22,357,1703,75,571,Adventure,"0,0,1,1,1,0,0",2
2018,Sniper Elite: Nazi Zombie Army,3.0,4,64,65,526,3229,62,571,Action,"0,0,0,1,0,0,0",3
2023,Syndicate (2012),4.0,4,184,184,530,3602,73,568,Shooter,"0,1,0,1,0,0,0",4
2025,Struggling,4.0,5,8,8,189,492,65,567,Casual,"0,0,1,1,0,0,0",4
2026,Batman: Return to Arkham,4.0,5,87,87,479,1901,73,567,Adventure,"0,0,1,1,0,0,0",4
2031,Port Royale 3,3.0,3,30,30,641,3618,55,564,Strategy,"0,0,0,1,0,0,1",3
2032,PGA TOUR 2K21,4.0,3,17,18,197,498,75,564,Simulation,"0,0,0,0,0,0,0",3
2037,Blue Fire,4.0,3,17,17,242,332,70,562,Indie,"0,0,1,1,0,0,0",3
2044,Puzzle Quest: Challenge of the Warlords,4.0,4,74,74,508,5405,84,559,Casual,"0,0,0,0,0,1,0",4
2045,Runaway 3: A Twist of Fate,4.0,4,45,45,501,4639,79,558,Adventure,"0,0,1,1,0,0,0",4
2050,Guild of Dungeoneering,4.0,4,43,44,290,2364,72,557,Card,"0,0,0,0,1,0,0",4
2052,Forgotton Anne,4.0,4,74,79,394,1328,80,556,Casual,"0,0,1,1,0,0,0",4
2053,AquaNox 2: Revelation,3.0,4,24,24,484,6711,59,556,Shooter,"0,1,0,1,0,0,0",3
2056,EverQuest II Free-To-Play. Your Way.,2.0,1,26,27,282,3678,83,555,Massively Multiplayer,"0,0,0,0,1,0,0",2
2079,A.R.E.S.: Extinction Agenda,3.0,3,36,36,574,4000,68,545,Indie,"0,0,0,1,0,0,0",3
2089,Fortix 2,3.0,3,31,31,382,3893,74,543,Casual,"0,0,0,0,0,0,0",3
2092,Age of Empires: Definitive Edition,4.0,4,73,77,279,1411,69,542,Strategy,"0,0,0,0,0,0,1",3
2093,Sherlock Holmes: The Mystery of the Mummy,3.0,4,27,27,530,6971,61,541,Adventure,"0,0,1,0,0,0,0",3
2098,Final Exam,3.0,4,34,35,506,3041,66,540,Indie,"0,0,1,1,0,0,0",3
2103,Space Run,3.0,4,17,18,330,2759,73,537,Strategy,"0,0,0,0,0,0,1",4
2105,Ring Runner: Flight of the Sages,3.0,3,25,25,427,3099,75,537,Shooter,"0,1,0,1,1,0,0",3
2106,F1 2011,3.0,4,40,40,439,3757,83,537,Racing,"1,0,0,0,0,0,0",4
2127,Five Nights at Freddy's 2,3.0,4,86,86,409,2609,62,525,Strategy,"0,0,0,0,0,0,1",3
2150,Sherlock Holmes: The Awakened - Remastered Edition,3.0,4,25,25,479,4818,72,512,Adventure,"0,0,1,0,0,0,0",4
2157,Galcon Fusion,3.0,4,13,13,388,4342,68,508,Indie,"0,0,0,0,0,0,1",3
2172,The Magic Circle,3.0,4,41,43,530,2368,79,501,Adventure,"0,0,1,1,0,0,1",4
2177,Here They Lie,3.0,3,109,109,548,1906,62,500,Adventure,"0,0,1,0,0,0,0",3
2178,Team Sonic Racing,4.0,4,59,60,320,956,72,498,Racing,"1,0,0,0,0,0,0",4
2179,The Walking Dead: Saints & Sinners,4.0,4,36,36,774,709,80,497,Adventure,"0,0,1,1,1,0,1",4
2185,Damnation,3.0,3,48,48,719,4607,41,494,Shooter,"0,1,1,1,0,0,0",3
2191,The Way,4.0,4,36,38,412,2053,67,491,Adventure,"0,0,1,1,0,1,0",3
2194,The Jackbox Party Pack 6,4.0,4,66,66,210,807,74,488,Casual,"0,0,0,0,0,0,0",4
2199,Crashlands,4.0,4,44,45,423,2173,78,484,Indie,"0,0,1,1,1,0,0",4
2212,Metal Unit,3.0,3,8,8,206,744,64,478,Indie,"0,0,1,1,1,0,0",3
2219,Black Book,4.0,4,47,48,228,144,78,475,Indie,"0,0,1,0,1,0,1",4
2224,Knockout City,3.0,4,46,49,290,225,82,471,Indie,"0,0,1,1,0,0,0",4
2226,Demigod,3.0,3,44,44,464,4645,76,470,Strategy,"0,0,0,1,1,0,1",3
2228,Oddworld: Soulstorm,3.0,3,50,52,209,270,70,470,Indie,"0,0,1,1,0,0,0",3
2233,Critical Mass,2.0,1,18,18,118,3848,81,468,Casual,"0,0,0,0,0,0,0",2
2254,Tiny Troopers,3.0,3,44,44,552,3496,57,459,Indie,"0,0,0,1,0,0,1",3
2258,CrimeCraft: GangWars,2.0,1,18,18,613,3785,68,458,Massively Multiplayer,"0,0,0,1,1,0,0",2
2262,The Pedestrian,4.0,4,62,65,278,703,82,456,Indie,"0,0,1,0,0,1,0",4
2270,Livelock,3.0,3,60,61,577,1950,73,453,Indie,"0,0,1,1,0,0,0",3
2273,Tom Clancy's Ghost Recon,4.0,4,58,58,902,7670,80,449,Shooter,"0,1,0,1,0,0,0",4
2274,Out There: Omega Edition,4.0,4,42,42,368,2865,80,449,Shooter,"0,1,1,0,1,0,1",4
2275,Breach,2.0,1,38,38,673,3993,57,449,Shooter,"0,1,0,1,1,0,0",2
2278,Assassin's Creed Unity,4.0,4,1263,1278,484,2608,71,5007,Action,"0,0,0,1,0,0,0",4
2288,Syberia,4.0,4,588,593,553,7158,82,4937,Adventure,"0,0,1,0,0,1,0",4
2292,What Remains of Edith Finch,4.0,5,1555,1571,291,1714,89,4921,Indie,"0,0,1,0,0,0,0",4
2303,Until Dawn,4.0,4,1425,1440,538,2321,79,4814,Adventure,"0,0,1,1,0,0,0",4
2305,Subnautica,4.0,5,1031,1049,852,1439,83,4766,Indie,"0,0,1,0,0,0,0",4
2311,A Story About My Uncle,3.0,4,515,520,485,2776,73,4731,Adventure,"0,0,1,0,0,0,0",4
2315,Kingdom: Classic,3.0,4,456,456,410,2294,74,4691,Strategy,"0,0,0,0,0,0,1",4
2323,Space Hulk: Deathwing,3.0,3,41,43,626,1844,58,446,Adventure,"0,0,1,1,0,0,0",3
2325,Planescape: Torment,4.0,5,205,206,589,8056,91,445,Strategy,"0,0,0,0,1,0,1",4
2329,Inmost,4.0,5,92,93,445,813,76,444,Indie,"0,0,1,0,0,0,0",4
2332,So Many Me,3.0,3,51,52,414,2725,78,442,Strategy,"0,0,0,1,0,1,1",3
2337,Observer: System Redux,4.0,5,42,44,54,417,80,441,Adventure,"0,0,1,0,0,0,0",4
2341,RAD,3.0,3,40,41,499,865,71,439,Action,"0,0,0,1,0,0,0",3
2354,Battleplan: American Civil War,2.0,1,12,12,306,2738,66,435,Casual,"0,0,0,0,0,0,1",2
2358,Majesty 2,4.0,4,44,44,296,4489,72,434,Strategy,"0,0,0,0,0,0,1",4
2367,BLACKHOLE,2.0,1,25,25,449,2500,82,429,Adventure,"0,0,1,1,0,1,0",2
2368,Draugen,4.0,4,90,94,409,948,74,428,Indie,"0,0,1,0,0,0,0",4
2371,Pandemic: The Board Game,3.0,4,24,25,316,3012,83,427,Strategy,"0,0,0,0,0,0,1",4
2374,Immortal Planet,2.0,1,15,15,228,1619,65,427,Indie,"0,0,1,1,1,0,0",2
2377,Devil May Cry 2,2.0,1,179,185,270,6916,59,426,Action,"0,0,0,1,0,0,0",2
2383,Jolly Rover,3.0,3,17,17,543,4226,71,422,Casual,"0,0,1,0,0,0,0",3
2387,NieR:Automata Game of the YoRHa Edition,4.0,5,112,115,186,1040,91,420,Action,"0,0,0,1,0,0,0",4
2388,Gyromancer,2.0,3,13,13,415,4427,71,420,RPG,"0,0,0,0,1,0,0",3
2390,Trials of Mana (2020),3.0,4,46,49,370,617,76,420,Action,"0,0,0,1,1,0,0",4
2393,Reventure,4.0,4,33,33,121,942,84,419,Indie,"0,0,1,0,0,1,0",4
2398,Cold Fear,4.0,4,82,82,571,6136,66,416,Action,"0,0,0,1,0,0,0",3
2401,Sorcery! Parts 1 and 2,3.0,4,16,16,372,2160,69,415,Indie,"0,0,1,0,1,0,0",3
2407,Trials Rising,4.0,4,80,80,344,1040,81,411,Racing,"1,0,0,0,0,0,0",4
2410,The Dark Pictures Anthology: House of Ashes,4.0,4,64,64,151,71,73,409,Adventure,"0,0,1,1,0,0,0",4
2420,Party Hard 2,4.0,4,42,43,340,1165,70,405,Adventure,"0,0,1,1,0,0,1",4
2423,Tom Clancy's H.A.W.X.,4.0,4,48,48,453,4692,72,404,Arcade,"0,0,0,1,0,0,0",4
2427,Ninja Pizza Girl,3.0,4,17,17,195,2285,82,403,Educational,"0,0,0,1,1,0,0",4
2430,Farpoint,4.0,4,81,82,394,1691,71,402,Shooter,"0,1,0,0,0,0,0",4
2431,TrackMania² Canyon,4.0,4,44,44,441,3762,81,402,Racing,"1,0,0,0,0,0,0",4
2432,I Expect You To Die,4.0,4,59,59,455,1845,76,401,Indie,"0,0,0,0,0,1,0",4
2434,DARQ,4.0,4,51,52,315,871,70,401,Indie,"0,0,1,1,0,0,0",4
2439,The Book of Unwritten Tales: The Critter Chronicles,3.0,4,21,21,611,3315,73,400,Indie,"0,0,1,0,0,0,0",4
2440,Harvester,4.0,4,21,22,412,9229,53,399,Adventure,"0,0,1,0,0,0,0",3
2445,Order of Battle: World War II,3.0,1,16,16,358,2439,81,396,Strategy,"0,0,0,0,0,0,1",2
2451,James Cameron's AVATAR: The Game,3.0,3,100,102,659,4414,60,392,Shooter,"0,1,0,1,0,0,0",3
2453,Astebreed,3.0,4,28,28,541,2774,86,392,Indie,"0,1,0,1,0,0,0",4
2454,Fieldrunners 2,4.0,4,24,24,385,3453,73,391,Casual,"0,0,0,1,0,0,1",4
2470,Darkest Hour: A Hearts of Iron Game,3.0,3,18,18,379,3924,81,385,Strategy,"0,0,0,0,0,0,1",3
2476,Lost Planet: Extreme Condition Colonies Edition,4.0,4,44,45,666,4966,70,384,Shooter,"0,1,1,1,0,0,0",4
2477,Giants: Citizen Kabuto,3.0,4,53,53,423,7696,85,384,Adventure,"0,0,1,1,1,0,0",4
2483,Unbox,3.0,4,24,24,457,1944,68,381,Indie,"0,0,1,1,0,0,0",3
2485,Dungeons & Dragons: Dark Alliance,2.0,1,34,35,426,194,56,380,Action,"0,0,0,1,1,0,0",2
2487,Space Hulk: Deathwing - Enhanced Edition,3.0,3,36,36,520,1320,58,379,Adventure,"0,0,1,1,0,0,0",3
2493,1001 Spikes,4.0,4,19,19,332,2769,80,376,Indie,"0,0,1,1,0,0,0",4
2499,Cossacks: European Wars,4.0,4,62,62,128,3781,74,374,Strategy,"0,0,0,0,0,0,1",4
2501,Cossacks 2: Napoleonic Wars,4.0,4,50,50,551,6116,73,373,Strategy,"0,0,0,0,0,0,1",4
2506,Aliens: Fireteam Elite,3.0,3,24,27,413,131,69,372,Shooter,"0,1,0,1,1,0,0",3
2511,Pathfinder: Wrath of the Righteous,4.0,5,33,34,189,121,83,369,RPG,"0,0,0,0,1,0,0",4
2512,Eidolon,3.0,3,13,13,270,2710,64,369,Indie,"0,0,1,0,0,0,0",3
2515,Men of War: Condemned Heroes,3.0,4,15,15,447,3564,57,368,Strategy,"0,0,0,1,0,0,1",3
2522,The Silver Case,4.0,5,35,35,259,1913,67,363,Adventure,"0,0,1,0,0,0,0",4
2524,Expeditions: Viking,4.0,4,42,44,522,1710,74,363,Strategy,"0,0,0,0,1,0,1",4
2534,X Rebirth,3.0,3,34,34,619,2970,33,360,Action,"0,0,0,1,0,0,0",3
2547,Terminator Salvation,3.0,3,71,72,631,4610,48,355,Shooter,"0,1,0,1,0,0,0",3
2552,Blood & Truth,4.0,4,62,62,192,949,80,354,Shooter,"0,1,0,1,0,0,0",4
2556,ECHO,4.0,4,48,49,537,2192,76,353,Indie,"0,0,1,1,1,0,0",4
2559,Star Trek: Bridge Crew,4.0,4,37,37,257,1827,75,352,Casual,"0,0,0,0,1,0,0",4
2560,Madden NFL 18,3.0,4,78,79,160,1590,83,352,Sports,"0,0,0,0,0,0,0",4
2562,Small Radios Big Televisions,3.0,4,18,18,235,1880,67,352,Indie,"0,0,1,0,0,1,0",3
2565,Ninja Blade,3.0,3,81,81,487,4720,61,352,Adventure,"0,0,1,1,0,0,0",3
2573,Tengami,4.0,4,39,41,284,2872,57,348,Casual,"0,0,1,0,0,1,0",3
2574,Alter Ego,2.0,3,11,11,618,4484,59,348,Adventure,"0,0,1,0,1,0,0",3
2576,Geometry Wars: Retro Evolved,4.0,4,32,32,318,5414,76,346,Casual,"0,0,0,0,0,0,0",4
2578,Shin Megami Tensei: Persona 4,4.0,5,140,142,412,4923,90,346,Adventure,"0,0,1,1,1,0,0",4
2588,Monster Slayers,3.0,4,12,12,274,1745,86,344,Indie,"0,0,0,1,1,0,0",4
2593,Turbo Dismount,4.0,4,43,43,205,2782,85,342,Indie,"0,0,0,1,0,0,0",4
2596,Escape Goat 2,3.0,3,17,18,372,2841,76,340,Action,"0,0,0,1,0,1,0",3
2603,Dead Effect 2,3.0,3,31,31,494,2257,53,336,Shooter,"0,1,0,1,1,0,0",3
2611,Ignite,2.0,1,11,11,324,3718,59,333,Racing,"1,0,0,0,0,0,0",2
2613,The Club,3.0,3,40,41,597,5065,67,332,Shooter,"0,1,0,1,0,0,0",3
2619,Dark Devotion,3.0,3,35,36,259,982,70,331,Indie,"0,0,1,1,1,0,0",3
2622,Cossacks: Art of War,4.0,4,60,61,495,7347,74,330,Strategy,"0,0,0,0,0,0,1",4
2626,Rise of Flight United,3.0,4,10,10,351,3040,77,328,Simulation,"0,0,0,0,0,0,0",4
2640,Letter Quest: Grimm's Journey,3.0,4,21,21,325,2887,73,322,Casual,"0,0,0,0,0,1,0",4
2642,The Jackbox Party Pack 7,4.0,4,30,30,134,443,78,322,Casual,"0,0,0,0,0,0,0",4
2645,Blood of the Werewolf,2.0,3,19,19,386,3097,65,321,Platformer,"0,0,0,1,0,0,0",3
2648,Pirate Pop Plus,2.0,1,8,8,202,1899,65,321,Casual,"0,0,0,1,0,0,0",2
2651,NORTH,2.0,1,21,22,260,2075,66,320,Indie,"0,0,1,0,0,0,0",2
2655,Full Spectrum Warrior: Ten Hammers,3.0,4,16,16,622,5759,70,319,Strategy,"0,0,0,1,0,0,1",4
2659,Cosmic Star Heroine,3.0,4,38,40,491,1727,77,316,Indie,"0,0,0,0,1,0,0",4
2662,Lost Horizon,4.0,4,15,15,469,4152,77,314,Family,"0,0,1,0,0,0,0",4
2670,Loot Rascals,2.0,1,18,18,245,1761,71,312,Indie,"0,0,1,0,1,0,0",2
2674,Knights of Honor,4.0,4,25,25,493,4714,77,310,Strategy,"0,0,0,0,0,0,1",4
2676,King Arthur: Fallen Champions,3.0,1,7,7,486,3760,54,310,Strategy,"0,0,0,0,1,0,1",2
2684,Choplifter HD,3.0,3,21,21,569,3664,65,308,Shooter,"0,1,1,1,0,0,0",3
2689,Terrian Saga: KR-17,2.0,3,7,7,190,2734,83,306,Indie,"0,0,1,1,0,0,0",3
2692,NBA LIVE 19,3.0,3,50,50,192,1212,74,306,Simulation,"0,0,0,0,0,0,0",3
2697,Gabriel Knight: Sins of the Fathers 20th Anniversary Edition,4.0,4,30,31,596,2635,74,305,Adventure,"0,0,1,0,0,1,0",4
2707,"Warhammer 40,000: Regicide",3.0,4,25,27,638,2307,72,303,Strategy,"0,0,0,1,0,0,1",4
2726,Devil May Cry 5,4.0,5,1176,1198,456,1030,88,4532,Action,"0,0,0,1,0,0,0",4
2729,Darksiders II,4.0,4,816,817,709,3427,83,4463,Action,"0,0,0,1,1,0,0",4
2732,Race Driver: Grid,4.0,4,424,425,395,4960,87,4429,Racing,"1,0,0,0,0,0,0",4
2743,Destiny,4.0,4,925,928,654,2671,76,4377,Shooter,"0,1,0,1,0,0,0",4
2746,Forza Horizon 4,4.0,5,1206,1218,434,1187,90,4355,Racing,"1,0,0,0,0,0,0",4
2759,On Rusty Trails,3.0,3,9,9,285,2101,77,300,Platformer,"0,0,0,1,0,1,0",3
2760,Encased: a sci-fi post-apocalyptic RPG,4.0,4,13,15,409,116,73,300,Strategy,"0,0,1,1,1,0,1",4
2771,Angry Birds Space,3.0,4,77,78,245,3572,83,296,Casual,"0,0,0,0,0,1,0",4
2773,Bloody Good Time,2.0,3,26,26,392,4084,73,295,Shooter,"0,1,0,1,0,0,0",3
2788,Fist of The North Star: Lost Paradise,4.0,4,32,33,373,1187,72,290,Adventure,"0,0,1,1,0,0,0",4
2793,Creaks,4.0,4,55,55,503,528,82,287,Indie,"0,0,1,0,0,1,0",4
2798,Zombie Vikings,3.0,4,29,29,572,2314,74,286,Adventure,"0,0,1,1,0,0,0",4
2800,The Life and Suffering of Sir Brante,4.0,5,50,52,166,303,79,285,Adventure,"0,0,1,0,1,0,1",4
2803,Guncraft,1.0,1,9,9,322,3067,73,284,Indie,"0,0,0,1,0,0,0",2
2808,Imperial Glory,4.0,4,21,22,405,6022,69,282,Strategy,"0,0,0,0,0,0,1",3
2811,A Game of Dwarves,3.0,3,11,11,462,3357,60,281,Casual,"0,0,0,0,0,0,1",3
2815,Driver: Parallel Lines,4.0,4,79,79,317,5668,61,280,Racing,"1,1,0,1,0,0,0",3
2817,Madden NFL 19,3.0,4,69,71,170,1240,80,279,Action,"0,0,0,1,0,0,0",4
2825,Fate of the World,3.0,1,16,16,364,3960,70,276,Casual,"0,0,0,0,0,0,1",2
2844,Parkitect,4.0,4,38,38,455,2067,83,270,Indie,"0,0,0,0,0,0,0",4
2845,Nimbus,3.0,3,9,9,402,4086,80,269,Racing,"1,0,0,0,0,0,0",3
2854,Zuma Deluxe,4.0,4,65,65,150,6470,78,267,Casual,"0,0,0,0,0,1,0",4
2857,Shooting Stars!,3.0,3,7,7,263,2368,59,266,Casual,"0,0,0,1,0,0,0",3
2861,Master of Orion 3,4.0,4,30,30,286,6886,64,265,Strategy,"0,0,0,0,0,0,1",3
2873,Dyad,3.0,3,24,24,281,3565,80,261,Racing,"1,1,0,1,0,1,0",3
2876,Sherlock Holmes: Chapter One,4.0,4,13,13,467,47,74,260,Adventure,"0,0,1,1,0,1,0",4
2881,Nexus - The Jupiter Incident,3.0,4,18,18,447,6266,77,259,Strategy,"0,0,0,0,0,0,1",4
2884,Rogue Trooper,4.0,4,40,40,557,5735,69,258,Shooter,"0,1,0,1,0,0,0",3
2890,Killing Floor: Incursion,3.0,4,17,17,466,1516,67,256,Action,"0,0,0,1,0,0,0",3
2892,Unity of Command: Stalingrad Campaign,3.0,4,10,10,434,3363,84,256,Strategy,"0,0,0,0,0,0,1",4
2896,The Lord of the Rings Living Card Game,3.0,3,12,12,229,788,75,255,Casual,"0,0,1,0,0,0,1",3
2898,SINNER: Sacrifice for Redemption,3.0,4,33,36,419,1171,62,255,Indie,"0,0,1,1,0,0,0",3
2904,Half Minute Hero: The Second Coming,3.0,3,10,10,376,2829,79,253,Indie,"0,0,0,1,1,0,0",3
2915,Praetorians,4.0,4,25,26,471,6872,78,250,Strategy,"0,0,0,0,0,0,1",4
2925,Sinking Island,4.0,4,22,22,526,5203,68,247,Adventure,"0,0,1,0,0,0,0",3
2926,Devil's Hunt,2.0,1,25,25,363,838,47,247,Action,"0,0,0,1,0,0,0",2
2934,Driftmoon,3.0,3,9,9,490,3232,73,243,Indie,"0,0,1,0,1,0,0",3
2935,Legend of Kay Anniversary,3.0,3,37,37,539,2350,64,243,Adventure,"0,0,1,1,1,0,0",3
2937,Port Royale 2,4.0,4,16,16,565,6320,75,242,Strategy,"0,0,0,0,0,0,1",4
2939,Albert and Otto,3.0,4,11,12,219,2257,69,241,Indie,"0,0,1,0,0,1,0",3
2944,Pine,3.0,3,22,22,66,814,48,240,Adventure,"0,0,1,1,1,0,0",3
2947,Dawn of Man,4.0,4,45,46,448,1038,74,240,Strategy,"0,0,0,0,0,0,1",4
2952,Carmageddon,4.0,4,124,127,353,8968,74,238,Racing,"1,0,0,1,0,0,0",4
2957,007 Legends,3.0,3,32,32,671,3364,26,236,Shooter,"0,1,0,1,0,0,0",3
2958,STAR OCEAN: INTEGRITY AND FAITHLESSNESS,3.0,3,39,40,342,2013,58,235,RPG,"0,0,0,0,1,0,0",3
2961,Sol Survivor,3.0,4,9,9,648,4310,75,234,Strategy,"0,0,0,0,0,0,1",4
2963,Vigil: Blood Bitterness,1.0,1,7,7,185,5300,61,234,Indie,"0,0,0,0,1,0,0",2
2967,Elven Legacy: Ranger,3.0,4,10,10,555,4456,68,233,Strategy,"0,0,0,0,0,0,1",3
2969,Tribes of Midgard,4.0,4,13,13,458,158,73,233,Indie,"0,0,1,1,0,0,0",4
2975,Starlink: Battle for Atlas,4.0,4,36,38,367,1173,74,231,Adventure,"0,0,1,1,0,0,0",4
2976,Soundodger+,4.0,4,19,19,136,3004,78,231,Casual,"0,0,0,0,0,0,0",4
2988,MacGuffin's Curse,3.0,3,7,7,378,3544,73,227,Casual,"0,0,1,0,0,1,0",3
2993,Halo: Combat Evolved Anniversary,4.0,4,112,117,475,3700,80,226,Shooter,"0,1,0,0,0,0,0",4
2994,Granblue Fantasy: Versus,4.0,4,26,27,608,659,78,225,Action,"0,0,0,1,0,0,0",4
2999,Pineview Drive,3.0,3,10,10,460,2711,58,224,Indie,"0,0,1,1,0,0,0",3
3005,Gloomhaven,4.0,4,12,13,294,899,79,223,Strategy,"0,0,1,0,1,0,1",4
3007,NBA 2K Playgrounds 2,3.0,3,31,32,508,1173,68,223,Sports,"0,0,0,0,0,0,0",3
3018,Ember,3.0,1,11,12,615,1941,70,220,Indie,"0,0,1,0,1,0,1",2
3027,There Came an Echo,3.0,3,8,8,409,2503,58,217,Strategy,"0,0,0,0,0,0,1",3
3032,Atelier Sophie: The Alchemist of the Mysterious Book,4.0,4,32,32,458,2235,73,216,Adventure,"0,0,1,0,1,0,0",4
3033,Lake,3.0,3,30,31,254,122,72,216,Indie,"0,0,1,0,0,0,0",3
3038,Shadow Puppeteer,3.0,4,9,10,464,2651,57,214,Indie,"0,0,1,0,0,0,0",3
3040,Greak: Memories of Azur,4.0,4,13,13,489,138,72,213,Indie,"0,0,1,1,0,0,0",4
3042,WRC 4 FIA World Rally Championship,3.0,4,22,22,397,2991,63,213,Racing,"1,0,0,0,0,0,0",3
3045,8-Bit Armies,4.0,4,17,17,486,2081,69,212,Strategy,"0,0,0,0,0,0,1",3
3046,"Warhammer 40,000: Sanctus Reach",3.0,3,13,13,631,1809,68,212,Strategy,"0,0,0,0,0,0,1",3
3056,Sakuna: Of Rice and Ruin,4.0,5,22,23,249,417,80,208,Platformer,"0,0,0,1,0,0,0",4
3063,STEINS;GATE 0,4.0,5,53,53,335,2214,81,207,Adventure,"0,0,1,0,0,0,0",4
3072,SpellForce 3: Soul Harvest,4.0,4,12,12,655,949,80,204,Strategy,"0,0,0,0,1,0,1",4
3075,Lethis - Path of Progress,4.0,4,20,20,402,2383,65,203,Strategy,"0,0,0,0,0,0,1",3
3080,Boyfriend Dungeon,4.0,4,18,18,256,143,72,202,Indie,"0,0,0,0,0,0,0",4
3089,Overfall,3.0,4,8,8,524,2056,71,199,Strategy,"0,0,0,0,1,0,1",4
3094,Fat Princess Adventures,3.0,4,25,25,197,2219,63,197,Adventure,"0,0,1,1,0,0,0",3
3097,Ruined King: A League of Legends Story,4.0,4,12,16,627,47,81,196,RPG,"0,0,0,0,1,0,0",4
3101,Shu,3.0,3,10,10,335,1915,85,195,Indie,"0,0,1,1,0,0,0",3
3108,Chivalry 2,4.0,4,15,16,433,207,78,193,Action,"0,0,0,1,0,0,0",4
3116,Oninaki,2.0,1,19,19,226,863,70,192,Action,"0,0,0,1,1,0,0",2
3118,Shardlight,4.0,4,21,21,425,2126,75,192,Indie,"0,0,1,0,1,0,0",4
3122,Alekhine's Gun,4.0,3,8,8,457,2132,40,191,Adventure,"0,0,1,1,0,0,0",3
3125,Mega Man X Legacy Collection 2,4.0,5,22,24,346,1257,62,190,Action,"0,0,0,1,0,0,0",4
3126,Sébastien Loeb Rally EVO,3.0,3,14,14,377,2164,67,190,Racing,"1,0,0,0,0,0,0",3
3129,Black Desert Online,3.0,3,395,396,591,2588,73,4266,Adventure,"0,0,1,1,1,0,1",3
3130,Titan Souls,3.0,4,390,392,310,2455,74,4264,Indie,"0,0,0,1,0,0,0",4
3133,Murdered: Soul Suspect,3.0,4,765,769,580,2769,59,4239,Adventure,"0,0,1,1,1,0,0",4
3138,Wolfenstein: The Old Blood,4.0,4,881,888,664,2434,76,4187,Shooter,"0,1,0,1,0,0,0",4
3140,Star Wars: Knights of the Old Republic II – The Sith Lords,4.0,5,725,730,543,6235,85,4174,Adventure,"0,0,1,0,1,0,0",4
3144,Disco Elysium,4.0,5,614,627,612,810,91,4138,Indie,"0,0,1,0,1,0,0",4
3154,Ori and the Will of the Wisps,4.0,5,772,788,421,662,91,4083,Platformer,"0,0,1,1,0,0,0",4
3155,Serious Sam 3: BFE,4.0,4,580,584,581,3693,72,4075,Shooter,"0,1,0,1,0,0,0",4
3158,STAR WARS Battlefront,3.0,3,960,964,601,2237,73,4007,Strategy,"0,1,1,1,0,0,1",3
3160,ABZU,4.0,4,889,900,289,1978,83,3993,Indie,"0,0,1,0,0,0,0",4
3162,BattleBlock Theater,4.0,4,727,733,269,3195,85,3982,Adventure,"0,0,1,1,0,0,0",4
3178,Power Rangers: Battle For The Grid,3.0,4,16,17,249,1012,60,187,Action,"0,0,0,1,0,0,0",3
3201,Cannon Fodder 3,3.0,3,10,10,465,3666,49,181,Action,"0,0,0,1,0,0,0",3
3202,The Cursed Crusade,3.0,3,25,26,678,3739,55,181,Adventure,"0,0,1,1,0,0,0",3
3211,Devotion,4.0,4,49,52,338,1048,86,178,Indie,"0,0,1,0,0,0,0",4
3213,Grandia II Anniversary Edition,4.0,4,17,17,333,2322,80,178,RPG,"0,0,0,0,1,0,0",4
3214,Commander: Conquest of the Americas,2.0,3,7,7,469,4173,68,177,Strategy,"0,0,0,0,0,0,1",3
3223,DAEMON X MACHINA,2.0,3,14,14,225,841,70,174,Action,"0,0,0,1,0,0,0",3
3227,Bad Bots,2.0,3,6,6,207,3151,49,174,Indie,"0,0,0,1,0,0,0",3
3228,Armed and Dangerous,4.0,4,27,27,502,6606,78,174,Shooter,"0,1,0,1,0,0,0",4
3232,Fade to Silence,3.0,3,25,25,405,977,56,172,RPG,"0,0,0,0,1,0,0",3
3236,FRACT OSC,4.0,4,19,19,365,2812,75,171,Indie,"0,0,1,0,0,1,0",4
3240,Tails of Iron,4.0,4,22,22,297,106,82,170,Indie,"0,0,1,1,1,0,0",4
3243,Kingdom Hearts: Melody of Memory,4.0,4,18,19,276,414,76,168,Family,"0,0,0,0,0,0,0",4
3245,Californium,3.0,4,11,11,239,2146,64,168,Indie,"0,0,1,0,0,1,0",3
3246,The Suffering: Ties That Bind,4.0,4,54,54,625,5942,74,168,Shooter,"0,1,0,1,0,0,0",4
3250,X4: Foundations,4.0,4,31,32,497,1129,59,166,Action,"0,0,0,1,0,0,0",3
3254,Audioshield,4.0,4,18,18,292,2097,81,165,Indie,"0,0,0,0,0,0,0",4
3265,The Persistence,3.0,3,17,17,544,1257,78,163,Indie,"0,0,1,1,0,0,0",3
3266,ONE PIECE World Seeker,3.0,3,23,25,531,1024,58,163,Adventure,"0,0,1,1,0,0,0",3
3270,Immortal: Unchained,3.0,3,27,27,221,1212,56,163,Adventure,"0,0,1,1,1,0,0",3
3273,Grand Ages: Medieval,3.0,3,14,14,532,2291,63,162,Strategy,"0,0,0,0,1,0,1",3
3274,Narcosis,3.0,4,13,13,431,1740,72,162,Indie,"0,0,1,1,0,0,0",4
3278,Blackwood Crossing,3.0,4,23,23,511,1734,70,161,Indie,"0,0,1,0,0,0,0",4
3284,The Legend of Heroes: Trails in the Sky the 3rd,4.0,5,25,25,489,5301,83,159,RPG,"0,0,0,0,1,0,0",4
3288,Legends of Runeterra,4.0,4,86,89,162,613,87,158,Card,"0,0,0,0,0,0,1",4
3290,Kyn,3.0,3,8,8,608,2350,58,157,Indie,"0,0,1,1,1,0,0",3
3294,Croixleur Sigma,3.0,3,10,10,441,2803,56,156,Indie,"0,0,0,1,0,0,0",3
3296,Lust from Beyond,3.0,4,18,18,371,296,61,156,Indie,"0,0,1,1,0,0,0",3
3304,Blueberry Garden,3.0,4,8,8,126,4588,68,155,Indie,"0,0,1,0,0,0,0",3
3321,Lionheart: Legacy of the Crusader,4.0,4,29,29,422,6717,57,149,Adventure,"0,0,1,0,1,0,0",3
3325,The Impossible Game,4.0,4,13,13,88,4274,64,148,Casual,"0,0,0,1,0,0,0",3
3331,The Elder Scrolls V: Skyrim - Dawnguard,4.0,4,70,70,620,3476,73,146,RPG,"0,0,0,0,1,0,0",4
3332,Use Your Words,4.0,4,21,21,243,1734,74,146,Casual,"0,0,0,0,0,0,0",4
3333,Paradise Lost,3.0,4,11,11,607,283,63,145,Adventure,"0,0,1,1,1,0,0",3
3340,Hood: Outlaws & Legends,3.0,4,14,15,261,239,64,143,Massively Multiplayer,"0,0,1,1,1,0,0",3
3347,Sunset,4.0,4,15,15,313,2417,66,142,Casual,"0,0,1,0,0,0,0",3
3353,Shadow Ops: Red Mercury,3.0,3,10,10,328,6316,61,140,Action,"0,0,0,1,0,0,0",3
3371,Beyond a Steel Sky,4.0,4,19,21,68,535,72,136,Indie,"0,0,1,1,0,0,0",4
3389,Memoranda,4.0,5,8,8,465,1803,58,130,Indie,"0,0,1,0,0,0,0",4
3395,Near Death,4.0,4,9,10,380,1978,70,128,Indie,"0,0,1,1,0,0,0",4
3401,KALIMBA,4.0,4,9,10,285,2572,81,127,Casual,"0,0,0,1,0,0,0",4
3404,A Golden Wake,4.0,4,10,10,433,2642,68,126,Indie,"0,0,1,0,0,0,0",3
3405,The Quiet Man,2.0,1,30,31,556,1157,34,126,Adventure,"0,0,1,1,0,0,0",2
3426,Skylanders Spyro's Adventure,3.0,3,28,28,483,3733,79,122,Platformer,"0,0,0,1,0,0,0",3
3428,Olija,3.0,4,10,10,56,338,78,122,Indie,"0,0,1,1,0,0,0",4
3430,DYNASTY WARRIORS 9,3.0,1,19,21,380,1423,65,121,Adventure,"0,0,1,1,0,0,0",2
3436,Glare,2.0,3,8,8,341,3005,69,121,Indie,"0,0,0,1,0,0,0",3
3444,Mundaun,4.0,5,23,23,392,292,74,117,Indie,"0,0,1,1,0,0,0",4
3448,Catwoman,2.0,1,19,19,524,6374,46,116,Indie,"0,0,1,1,0,0,0",2
3456,Turning Point: Fall of Liberty,3.0,3,22,22,541,5058,39,115,Shooter,"0,1,0,1,0,0,0",3
3459,Bravely Default II,4.0,4,11,11,157,309,80,114,Adventure,"0,0,1,0,1,0,0",4
3460,Wild Arms 3,4.0,4,17,17,429,7233,78,114,RPG,"0,0,0,0,1,0,0",4
3463,Space Siege,3.0,3,16,16,551,4890,60,114,Action,"0,0,0,1,1,0,0",3
3467,9 Monkeys of Shaolin,4.0,4,12,12,444,442,71,112,Indie,"0,0,1,1,0,0,0",4
3474,State of Decay 2: Juggernaut Edition,3.0,3,49,49,504,659,68,111,Shooter,"0,1,1,1,0,0,0",3
3480,Balan Wonderworld,2.0,1,12,12,633,281,43,109,Action,"0,0,0,1,0,0,0",2
3517,Valiant Hearts: The Great War,4.0,5,1038,1045,511,2748,79,3865,Adventure,"0,0,1,0,1,1,0",4
3518,Frostpunk,4.0,4,708,720,387,1348,85,3856,Strategy,"0,0,0,0,0,0,1",4
3526,Fallout 3: Game of the Year Edition,4.0,4,717,719,625,4463,91,3811,Action,"0,0,0,1,1,0,0",4
3531,Dark Souls: Remastered,4.0,5,1015,1027,356,1319,84,3775,Action,"0,0,0,1,0,0,0",4
3540,Samurai Gunn,4.0,5,8,8,205,2944,78,104,Action,"0,0,0,1,0,0,0",4
3543,The Golf Club,4.0,4,13,13,330,2816,70,104,Simulation,"0,0,0,0,0,0,0",4
3546,Urban Empire,3.0,3,14,15,557,1808,62,104,Strategy,"0,0,0,0,0,0,1",3
3553,The Caligula Effect: Overdose,3.0,3,15,15,444,1325,62,102,RPG,"0,0,0,0,1,0,0",3
3557,Death end reQuest,3.0,4,7,7,1301,1360,71,101,Action,"0,0,0,1,0,0,0",4
3558,Everyday Shooter,2.0,1,8,8,245,5196,77,101,Casual,"0,1,0,0,0,0,0",2
3560,Gravity Ghost,4.0,5,9,9,272,2532,75,101,Indie,"0,0,0,0,0,0,0",4
3575,3 out of 10: Season One,3.0,4,14,14,342,513,73,98,Adventure,"0,0,1,0,0,0,0",4
3581,Her Majesty's SPIFFING,4.0,3,7,8,505,1851,60,96,Indie,"0,0,1,0,0,1,0",3
3585,GRID (2019),3.0,3,24,25,280,813,74,96,Racing,"1,0,0,0,0,0,0",3
3586,Skylar & Plux: Adventure On Clover Island,4.0,4,9,9,523,1689,62,95,Adventure,"0,0,1,1,0,0,0",3
3590,Doom Eternal: The Ancient Gods - Part One,4.0,4,29,31,263,438,76,94,Shooter,"0,1,0,0,0,0,0",4
3596,Disney•Pixar Toy Story 3: The Video Game,4.0,4,6,6,257,2644,73,92,Adventure,"0,0,1,1,0,0,0",4
3600,Hoa,4.0,4,19,21,108,130,70,91,Casual,"0,0,1,1,0,0,0",4
3606,Farming Simulator 22,3.0,5,6,6,393,40,77,91,Simulation,"0,0,0,0,0,0,0",4
3607,Grand Theft Auto IV: Complete Edition,5.0,5,32,33,315,4084,95,90,Adventure,"0,0,1,1,0,0,0",4
3610,Milkmaid of the Milky Way,4.0,3,11,11,201,1823,74,90,Indie,"0,0,1,0,0,1,0",3
3611,Viking Squad,4.0,4,15,15,318,1915,69,90,Indie,"0,0,1,1,0,0,0",3
3623,The Last Remnant Remastered,3.0,4,7,7,331,1122,66,87,Strategy,"0,0,0,0,1,0,1",3
3633,Conan Unconquered,3.0,3,12,12,300,947,62,85,Strategy,"0,0,0,0,0,0,1",3
3635,Mantis Burn Racing,3.0,3,10,10,453,1907,71,84,Casual,"1,0,0,0,0,0,0",3
3638,Madagascar: Escape 2 Africa,4.0,3,30,31,454,4806,59,83,Family,"0,0,0,0,0,0,0",3
3640,IL-2 Sturmovik: Cliffs of Dover,4.0,5,6,6,211,3935,60,83,Simulation,"0,0,0,0,0,0,0",4
3644,Pagan Online,3.0,3,11,13,532,858,64,82,Action,"0,0,0,1,1,0,0",3
3649,Crossroads Inn,3.0,3,11,12,320,801,59,81,Adventure,"0,0,1,0,1,0,1",3
3658,TOEM,4.0,4,12,12,80,106,79,78,Casual,"0,0,1,0,0,0,0",4
3661,Lost Ruins,4.0,4,7,7,440,234,61,77,Indie,"0,0,1,1,0,0,0",3
3668,Lethal VR,4.0,4,9,9,274,1880,66,74,Shooter,"0,1,0,1,0,0,0",3
3671,Men of Valor,4.0,4,8,8,493,6275,71,73,Action,"0,0,0,1,0,0,0",4
3680,Blossom Tales: The Sleeping King,4.0,4,10,11,346,1740,78,70,Adventure,"0,0,1,1,0,0,0",4
3684,Hidden & Dangerous 2: Courage Under Fire,4.0,4,8,8,414,6648,75,69,Strategy,"0,0,0,1,0,0,1",4
3689,Shattered - Tale of the Forgotten King,2.0,1,12,12,386,319,68,68,Indie,"0,0,1,1,1,0,0",2
3690,Hungry Shark World,4.0,3,15,16,567,2068,72,68,Adventure,"0,0,1,1,0,0,0",3
3699,Port Royale,4.0,4,7,7,531,6787,79,67,Strategy,"0,0,0,0,0,0,1",4
3706,A Juggler's Tale,4.0,4,9,11,405,94,73,66,Indie,"0,0,1,1,0,0,0",4
3709,Nancy Drew: The Creature of Kapu Cave,3.0,3,11,11,441,5571,68,65,Adventure,"0,0,1,0,0,0,0",3
3722,Fragments of Him,3.0,4,7,7,225,2070,69,63,Casual,"0,0,1,0,0,0,0",3
3723,Nanotale - Typing Chronicles,3.0,4,7,7,205,276,68,62,Indie,"0,0,1,0,1,0,0",3
3724,Dangerous Driving,3.0,3,9,9,448,998,66,62,Racing,"1,0,0,0,0,0,0",3
3728,Capcom Beat 'Em Up Bundle / カプコン ベルトアクション コレクション,4.0,4,10,10,495,1201,75,61,Arcade,"0,0,0,1,0,0,0",4
3730,rymdkapsel,4.0,4,8,8,80,3075,77,61,Strategy,"0,0,0,0,0,1,1",4
3738,Gears 5: Hivebusters,4.0,4,29,29,349,382,82,59,Shooter,"0,1,0,1,0,0,0",4
3744,Code of Princess,2.0,1,7,7,476,3544,53,57,Adventure,"0,0,1,1,1,0,0",2
3745,ZONE OF THE ENDERS: The 2nd Runner - M∀RS,4.0,5,14,14,549,1215,71,56,Action,"0,0,0,1,0,0,0",4
3749,Sneaky Sneaky,4.0,4,7,7,322,2607,63,55,Adventure,"0,0,1,0,1,0,1",3
3752,DarkMaus,3.0,4,8,8,113,2167,83,54,Indie,"0,0,0,1,1,0,0",4
3758,The Eternal Cylinder,4.0,5,8,8,218,93,80,52,Action,"0,0,0,1,0,0,0",4
3759,Tony Tough and the Night of Roasted Moths,4.0,4,6,6,315,2431,68,51,Casual,"0,0,1,0,0,0,0",3
3767,Silent Hill: HD Collection,4.0,4,20,20,353,3574,70,49,Adventure,"0,0,1,1,0,0,0",4
3774,Niko: Through The Dream,4.0,4,6,6,255,2361,74,48,Indie,"0,0,1,0,0,1,0",4
